"","Percent_Change_ON","Percent_Change_1W","Date","Week.day","ON","X1W","X1M","X2M","X3M","X6M","X12M","timestamp","Year","MonthDay","Pre"
"1",0.0209117524810454,-0.217718192890082,"08.01.2019","Tue",2.39125,2.40875,2.5155,2.64638,2.7825,2.85256,3.01613,2019-01-08,2019,"0108","Post"
"2",0.0627090321553281,-0.150398459552814,"07.01.2019","Mon",2.39275,2.40513,2.51113,2.63388,2.79681,2.84875,2.99475,2019-01-07,2019,"0107","Post"
"3",0.0522275041902609,0.191905153102945,"04.01.2019","Fri",2.394,2.40975,2.52056,2.62313,2.80388,2.85575,2.96488,2019-01-04,2019,"0104","Post"
"4",-0.0885939529893687,0.14513790646471,"03.01.2019","Thu",2.39188,2.41325,2.51275,2.62038,2.795,2.85888,3.005,2019-01-03,2019,"0103","Post"
"5",-0.214705970988216,0.0621375330680851,"02.01.2019","Wed",2.38675,2.41475,2.50713,2.61738,2.79388,2.87394,3.002,2019-01-02,2019,"0102","Post"
"6",-0.356768479157621,-0.139656434772184,"31.12.2018","Mon",2.37825,2.41138,2.50269,2.61375,2.80763,2.87563,3.00544,2018-12-31,2018,"1231","Post"
"7",0.592376324283972,0.186441223531053,"28.12.2018","Fri",2.39238,2.41588,2.51988,2.6195,2.797,2.87313,3.01313,2018-12-28,2018,"1228","Post"
"8",-0.0576997871081453,0.155102595249534,"27.12.2018","Thu",2.391,2.41963,2.52238,2.619,2.803,2.883,3.03238,2018-12-27,2018,"1227","Post"
"9",-0.046853299831362,-0.041337175523426,"24.12.2018","Mon",2.38988,2.41863,2.50563,2.61175,2.81344,2.89375,3.04788,2018-12-24,2018,"1224","Pre"
"10",0.0731986371727111,-0.108798408954958,"21.12.2018","Fri",2.39163,2.416,2.50625,2.61188,2.82163,2.90788,3.07313,2018-12-21,2018,"1221","Pre"
"11",-0.156919883816353,-0.315895776728725,"20.12.2018","Thu",2.38788,2.40838,2.50375,2.61738,2.82375,2.9,3.06544,2018-12-20,2018,"1220","Pre"
"12",-9.0278635950154,-1.68537081417491,"19.12.2018","Wed",2.18175,2.36813,2.47938,2.58956,2.78963,2.87088,3.05275,2018-12-19,2018,"1219","Pre"
"13",-0.0687757936325695,0.0367311013116378,"18.12.2018","Tue",2.18025,2.369,2.47013,2.58725,2.792,2.87638,3.06131,2018-12-18,2018,"1218","Pre"
"14",0.0458557843642238,-2.9993679395604,"17.12.2018","Mon",2.18125,2.299,2.46963,2.59063,2.80363,2.90463,3.10388,2018-12-17,2018,"1217","Pre"
"15",0,0.268694538852249,"08.01.2018","Mon",1.4375,1.46832,1.55375,1.62372,1.70802,1.86529,2.15075,2018-01-08,2018,"0108","Post"
"16",0,0.0939408241935724,"05.01.2018","Fri",1.4375,1.4697,1.5525,1.62194,1.70393,1.86507,2.14953,2018-01-05,2018,"0105","Post"
"17",0,0.000680408653447317,"04.01.2018","Thu",1.4375,1.46971,1.555,1.62068,1.70381,1.85831,2.13834,2018-01-04,2018,"0104","Post"
"18",0.0869187364586854,0.14753928274403,"03.01.2018","Wed",1.43875,1.47188,1.55688,1.62041,1.69593,1.84269,2.11782,2018-01-03,2018,"0103","Post"
"19",-0.0869187364586854,0.575831633192891,"02.01.2018","Tue",1.4375,1.48038,1.56175,1.62205,1.69693,1.83938,2.10933,2018-01-02,2018,"0102","Post"
"20",-0.610555756248515,0,"29.12.2017","Fri",1.42875,1.48038,1.56425,1.62186,1.69428,1.83707,2.10697,2017-12-29,2017,"1229","Post"
"21",0.610555756248515,0.252993041019994,"28.12.2017","Thu",1.4375,1.48413,1.56775,1.62189,1.69465,1.84363,2.10634,2017-12-28,2017,"1228","Post"
"22",-0.174064447778399,0.336331482163371,"27.12.2017","Wed",1.435,1.48913,1.569,1.62347,1.69339,1.843,2.11063,2017-12-27,2017,"1227","Post"
"23",-0.043214911210715,-0.210411051267168,"22.12.2017","Fri",1.43438,1.486,1.56375,1.61674,1.68577,1.83363,2.10216,2017-12-22,2017,"1222","Pre"
"24",0,-0.717236256530779,"21.12.2017","Thu",1.43438,1.47538,1.55213,1.6067,1.67464,1.82488,2.09091,2017-12-21,2017,"1221","Pre"
"25",0,-1.180879872715,"20.12.2017","Wed",1.43438,1.45806,1.53488,1.58629,1.65793,1.81413,2.08366,2017-12-20,2017,"1220","Pre"
"26",-0.0871836596334052,-0.101556290121729,"19.12.2017","Tue",1.43313,1.45658,1.51113,1.56025,1.64203,1.7883,2.06888,2017-12-19,2017,"1219","Pre"
"27",0,-0.085854307089217,"18.12.2017","Mon",1.43313,1.45533,1.50113,1.54905,1.62548,1.7817,2.05825,2017-12-18,2017,"1218","Pre"
"28",-0.289017542223335,-0.045943406885196,"06.01.2017","Fri",0.691,0.71811,0.76333,0.82778,1.01011,1.32433,1.68456,2017-01-06,2017,"0106","Post"
"29",0.176400039958347,0.0779520912536524,"05.01.2017","Thu",0.69222,0.71867,0.76556,0.82444,1.00928,1.321,1.689,2017-01-05,2017,"0105","Post"
"30",-0.257474864876472,-0.0473208081203269,"04.01.2017","Wed",0.69044,0.71833,0.76556,0.82278,1.00511,1.32156,1.689,2017-01-04,2017,"0104","Post"
"31",0.721566325232026,0.693647607310421,"03.01.2017","Tue",0.69544,0.72333,0.77333,0.82,0.99872,1.31767,1.689,2017-01-03,2017,"0103","Post"
"32",-0.479983624829555,0,"30.12.2016","Fri",0.69211,0.72333,0.77167,0.81944,0.99789,1.31767,1.68567,2016-12-30,2016,"1230","Post"
"33",-0.56363482620212,0,"29.12.2016","Thu",0.68822,0.72333,0.77111,0.81944,0.99789,1.31767,1.68733,2016-12-29,2016,"1229","Post"
"34",-0.241493301727752,-1.11215748814155,"28.12.2016","Wed",0.68656,0.71533,0.77,0.81611,0.99817,1.31767,1.69011,2016-12-28,2016,"1228","Post"
"35",1.04612861257108,-0.545288958804646,"23.12.2016","Fri",0.69378,0.71144,0.76111,0.81444,0.99706,1.31656,1.68956,2016-12-23,2016,"1223","Pre"
"36",-1.04612861257108,0,"22.12.2016","Thu",0.68656,0.71144,0.75611,0.81333,0.99706,1.316,1.68789,2016-12-22,2016,"1222","Pre"
"37",-0.0815993517329194,-0.515777414889845,"21.12.2016","Wed",0.686,0.70778,0.755,0.81139,0.99761,1.316,1.68956,2016-12-21,2016,"1221","Pre"
"38",-0.324139926664646,-0.393550813021748,"20.12.2016","Tue",0.68378,0.705,0.749,0.81056,0.99622,1.32044,1.69067,2016-12-20,2016,"1220","Pre"
"39",-0.391240818790212,-0.275556613717909,"19.12.2016","Mon",0.68111,0.70306,0.744,0.81,0.99428,1.31767,1.69178,2016-12-19,2016,"1219","Pre"
"40",0.0273112114219876,-0.285417941553645,"08.01.2016","Fri",0.3662,0.38485,0.4238,0.51495,0.6211,0.8508,1.1551,2016-01-08,2016,"0108","Post"
"41",-0.300834357881929,-0.0389838222077055,"07.01.2016","Thu",0.3651,0.3847,0.4235,0.51115,0.61685,0.8448,1.1471,2016-01-07,2016,"0107","Post"
"42",0.273523146459942,0.634840507448309,"06.01.2016","Wed",0.3661,0.38715,0.4235,0.5166,0.6201,0.8513,1.16535,2016-01-06,2016,"0106","Post"
"43",-0.300916654369909,-0.232738662077736,"05.01.2016","Tue",0.365,0.38625,0.422,0.5148,0.6171,0.8512,1.1731,2016-01-05,2016,"0105","Post"
"44",0.21893823742738,0.323102058144653,"04.01.2016","Mon",0.3658,0.3875,0.4225,0.5104,0.6117,0.84225,1.16925,2016-01-04,2016,"0104","Post"
"45",-28.713547500718,0.578965914448415,"31.12.2015","Thu",0.2745,0.38975,0.4295,0.5149,0.6127,0.84615,1.178,2015-12-31,2015,"1231","Post"
"46",28.7955259176605,0.575633185257673,"30.12.2015","Wed",0.3661,0.392,0.4275,0.5149,0.6122,0.8444,1.17475,2015-12-30,2015,"1230","Post"
"47",-0.0273186724824237,-1.80185055026784,"29.12.2015","Tue",0.366,0.385,0.4239,0.5104,0.6067,0.8334,1.1595,2015-12-29,2015,"1229","Post"
"48",0.300095710142223,1.21338780568794,"24.12.2015","Thu",0.3671,0.3897,0.4219,0.5128,0.6031,0.8273,1.1475,2015-12-24,2015,"1224","Pre"
"49",0.0544662322833123,0.2306806097915,"23.12.2015","Wed",0.3673,0.3906,0.4216,0.5138,0.6031,0.8275,1.144,2015-12-23,2015,"1223","Pre"
"50",0.0272219955403719,-0.153727931888648,"22.12.2015","Tue",0.3674,0.39,0.4175,0.5097,0.59435,0.8195,1.131,2015-12-22,2015,"1222","Pre"
"51",-0.0544514034690025,0.102511541524541,"21.12.2015","Mon",0.3672,0.3904,0.4195,0.5052,0.5931,0.8115,1.12575,2015-12-21,2015,"1221","Pre"
"52",-0.381992278957011,-1.04281601593446,"18.12.2015","Fri",0.3658,0.38635,0.413,0.4966,0.5855,0.807,1.11425,2015-12-18,2015,"1218","Pre"
"53",-1.21013577986371,-3.51652747357775,"17.12.2015","Thu",0.3614,0.373,0.4021,0.483,0.5695,0.795,1.109,2015-12-17,2015,"1217","Pre"
"54",0,-0.594797292607741,"08.01.2015","Thu",0.1191,0.1341,0.16625,0.2142,0.2521,0.3604,0.6289,2015-01-08,2015,"0108","Post"
"55",-0.168067266451821,0.0745434249948662,"07.01.2015","Wed",0.1189,0.1342,0.1665,0.2148,0.2521,0.3613,0.6273,2015-01-07,2015,"0107","Post"
"56",-0.168350208111345,-0.522974669727683,"06.01.2015","Tue",0.1187,0.1335,0.16775,0.2162,0.2511,0.3603,0.6283,2015-01-06,2015,"0106","Post"
"57",-1.9566766318285,0.931973194880209,"05.01.2015","Mon",0.1164,0.13475,0.168,0.2156,0.2536,0.3623,0.6338,2015-01-05,2015,"0105","Post"
"58",-3.31908195917476,0.0370988689100127,"02.01.2015","Fri",0.1126,0.1348,0.1675,0.2142,0.2556,0.3648,0.6328,2015-01-02,2015,"0102","Post"
"59",-27.884028187032,0.148257996022272,"31.12.2014","Wed",0.0852,0.135,0.17125,0.21445,0.2556,0.3628,0.6288,2014-12-31,2014,"1231","Post"
"60",29.6446370445369,0.738010729762273,"30.12.2014","Tue",0.1146,0.136,0.1695,0.21625,0.2552,0.3574,0.6288,2014-12-30,2014,"1230","Post"
"61",1.30040844232067,-2.531780798429,"29.12.2014","Mon",0.1161,0.1326,0.16925,0.21575,0.2551,0.3574,0.6288,2014-12-29,2014,"1229","Post"
"62",-0.865057297600913,0.301205046999176,"24.12.2014","Wed",0.1151,0.133,0.16875,0.21475,0.2566,0.3574,0.6288,2014-12-24,2014,"1224","Pre"
"63",-0.872605885980704,0.935460516721998,"23.12.2014","Tue",0.1141,0.13425,0.1695,0.21475,0.2546,0.3574,0.6278,2014-12-23,2014,"1223","Pre"
"64",0.0876040353880114,-0.186393343806257,"22.12.2014","Mon",0.1142,0.134,0.167,0.21025,0.2551,0.3544,0.6223,2014-12-22,2014,"1222","Pre"
"65",-0.175284882741433,-1.50378773645405,"19.12.2014","Fri",0.114,0.132,0.16425,0.21,0.2521,0.35,0.6168,2014-12-19,2014,"1219","Pre"
"66",-2.03817423193406,-0.913248356327268,"18.12.2014","Thu",0.1117,0.1308,0.16545,0.2095,0.2471,0.3436,0.6053,2014-12-18,2014,"1218","Pre"
"67",-0.808993176197159,-0.229621226035004,"17.12.2014","Wed",0.1108,0.1305,0.1641,0.209,0.24535,0.3436,0.6053,2014-12-17,2014,"1217","Pre"
"68",0.650761515673848,-1.54474616422302,"08.01.2014","Wed",0.0925,0.12205,0.161,0.2075,0.2404,0.3452,0.5856,2014-01-08,2014,"0108","Post"
"69",0.108049713375413,3.34371532681437,"07.01.2014","Tue",0.0926,0.1262,0.1615,0.2082,0.2421,0.3447,0.5866,2014-01-07,2014,"0107","Post"
"70",2.03106928475631,-2.97569201223311,"06.01.2014","Mon",0.0945,0.1225,0.1625,0.20825,0.23935,0.3445,0.5854,2014-01-06,2014,"0106","Post"
"71",0.527705710084403,1.57929988288195,"03.01.2014","Fri",0.095,0.12445,0.1647,0.20995,0.23985,0.3452,0.5846,2014-01-03,2014,"0103","Post"
"72",0.62959284568147,3.82312569642105,"02.01.2014","Thu",0.0956,0.1293,0.1683,0.2125,0.24285,0.3464,0.5826,2014-01-02,2014,"0102","Post"
"73",-18.4415798397069,0,"31.12.2013","Tue",0.0795,0.1293,0.1677,0.21275,0.2461,0.348,0.5831,2013-12-31,2013,"1231","Post"
"74",18.859116980755,-0.971447313227758,"30.12.2013","Mon",0.096,0.12805,0.1702,0.21275,0.2466,0.3485,0.5831,2013-12-30,2013,"1230","Post"
"75",0,0.0390396257154535,"27.12.2013","Fri",0.096,0.1281,0.169,0.21205,0.2466,0.349,0.5831,2013-12-27,2013,"1227","Post"
"76",4.77976082566802,1.89450862424492,"24.12.2013","Tue",0.1007,0.13055,0.167,0.2128,0.24685,0.3494,0.5836,2013-12-24,2013,"1224","Pre"
"77",0.39643263019089,-1.19438907834657,"23.12.2013","Mon",0.1011,0.129,0.1646,0.21275,0.24585,0.3494,0.5836,2013-12-23,2013,"1223","Pre"
"78",0.689997808999676,-1.75957618903797,"20.12.2013","Fri",0.1018,0.12675,0.164,0.21525,0.24835,0.3504,0.5841,2013-12-20,2013,"1220","Pre"
"79",0.196270916784869,0,"19.12.2013","Thu",0.102,0.12675,0.1645,0.2145,0.24585,0.3479,0.5806,2013-12-19,2013,"1219","Pre"
"80",0.0979911886348717,0.511510066677046,"18.12.2013","Wed",0.1021,0.1274,0.1668,0.21405,0.2451,0.3469,0.5781,2013-12-18,2013,"1218","Pre"
"81",-0.29426210541974,-2.30260272333007,"17.12.2013","Tue",0.1018,0.1245,0.1663,0.21325,0.24435,0.3479,0.5806,2013-12-17,2013,"1217","Pre"
"82",0,0,"08.01.2013","Tue",0.164,0.1832,0.2077,0.252,0.305,0.50025,0.8345,2013-01-08,2013,"0108","Post"
"83",0.304414238122819,0.815443496516455,"07.01.2013","Mon",0.1645,0.1847,0.2077,0.2525,0.305,0.50025,0.8345,2013-01-07,2013,"0107","Post"
"84",1.20847392150718,0,"04.01.2013","Fri",0.1665,0.1847,0.2077,0.2525,0.305,0.50125,0.8385,2013-01-04,2013,"0104","Post"
"85",0,0.539958115346573,"03.01.2013","Thu",0.1665,0.1857,0.2077,0.252,0.305,0.50325,0.8395,2013-01-03,2013,"0103","Post"
"86",-0.602411460338081,2.91875322586408,"02.01.2013","Wed",0.1655,0.1912,0.2077,0.2525,0.305,0.50625,0.8425,2013-01-02,2013,"0102","Post"
"87",1.49927845861413,0.781457480301984,"31.12.2012","Mon",0.168,0.1927,0.2087,0.2535,0.306,0.50825,0.8435,2012-12-31,2012,"1231","Post"
"88",-0.896866998276047,0.775398043690378,"28.12.2012","Fri",0.1665,0.1942,0.2097,0.2535,0.308,0.50825,0.8435,2012-12-28,2012,"1228","Post"
"89",0.29985029962567,2.79276845645449,"27.12.2012","Thu",0.167,0.1997,0.2117,0.255,0.311,0.51025,0.8435,2012-12-27,2012,"1227","Post"
"90",-0.902261759963752,-3.82797438855771,"24.12.2012","Mon",0.1655,0.1922,0.2097,0.254,0.31,0.51025,0.843,2012-12-24,2012,"1224","Pre"
"91",-1.21582044798096,-1.04603464249022,"21.12.2012","Fri",0.1635,0.1902,0.2097,0.254,0.31,0.51025,0.843,2012-12-21,2012,"1221","Pre"
"92",0,-1.05709229600108,"20.12.2012","Thu",0.1635,0.1882,0.2107,0.254,0.31,0.51025,0.843,2012-12-20,2012,"1220","Pre"
"93",0,-1.06838623083125,"19.12.2012","Wed",0.1635,0.1862,0.2107,0.2535,0.31,0.50975,0.843,2012-12-19,2012,"1219","Pre"
"94",0,-0.538504263088768,"18.12.2012","Tue",0.1635,0.1852,0.2107,0.253,0.309,0.5085,0.8425,2012-12-18,2012,"1218","Pre"
"95",0.305343748689046,0,"17.12.2012","Mon",0.164,0.1852,0.21,0.255,0.309,0.5085,0.8425,2012-12-17,2012,"1217","Pre"
"96",0,0,"06.01.2012","Fri",0.149,0.2062,0.2963,0.4282,0.5815,0.812,1.13035,2012-01-06,2012,"0106","Post"
"97",0.335008688528204,0,"05.01.2012","Thu",0.1495,0.2062,0.2953,0.4292,0.5825,0.812,1.13035,2012-01-05,2012,"0105","Post"
"98",0.333890126551473,0.483793880246841,"04.01.2012","Wed",0.15,0.2072,0.2953,0.4282,0.5825,0.811,1.13035,2012-01-04,2012,"0104","Post"
"99",-0.668898815079677,0.48146457955407,"03.01.2012","Tue",0.149,0.2082,0.2953,0.4281,0.5825,0.811,1.13005,2012-01-03,2012,"0103","Post"
"100",3.30062964681701,0,"30.12.2011","Fri",0.154,0.2082,0.2953,0.4271,0.581,0.8085,1.12805,2011-12-30,2011,"1230","Post"
"101",-2.96562095828881,0.479157600989932,"29.12.2011","Thu",0.1495,0.2092,0.2953,0.4271,0.581,0.8085,1.12805,2011-12-29,2011,"1229","Post"
"102",0.333890126551473,2.03461004779113,"28.12.2011","Wed",0.15,0.2135,0.2963,0.42515,0.57925,0.808,1.1269,2011-12-28,2011,"1228","Post"
"103",0,1.16415750154857,"23.12.2011","Fri",0.15,0.216,0.29395,0.4222,0.57575,0.804,1.1231,2011-12-23,2011,"1223","Pre"
"104",0,-0.464037955650221,"22.12.2011","Thu",0.15,0.215,0.2936,0.42125,0.57375,0.801,1.12135,2011-12-22,2011,"1222","Pre"
"105",0.33277900926747,-5.98981415810689,"21.12.2011","Wed",0.1505,0.2025,0.29185,0.4195,0.57125,0.7995,1.1191,2011-12-21,2011,"1221","Pre"
"106",0,-0.247218914538894,"20.12.2011","Tue",0.1505,0.202,0.2906,0.4185,0.56975,0.7985,1.11885,2011-12-20,2011,"1220","Pre"
"107",0,-0.247831601446724,"19.12.2011","Mon",0.1505,0.2015,0.28735,0.4155,0.56695,0.7945,1.11435,2011-12-19,2011,"1219","Pre"
"108",0,0,"07.01.2011","Fri",0.24125,0.25438,0.26125,0.2825,0.30313,0.45731,0.7855,2011-01-07,2011,"0107","Post"
"109",1.03093696588612,0,"06.01.2011","Thu",0.24375,0.25438,0.26125,0.2825,0.30313,0.45719,0.78525,2011-01-06,2011,"0106","Post"
"110",0,0,"05.01.2011","Wed",0.24375,0.25438,0.26125,0.2825,0.30281,0.45456,0.78094,2011-01-05,2011,"0105","Post"
"111",1.27592787368942,0,"04.01.2011","Tue",0.24688,0.25438,0.26063,0.2825,0.30281,0.45581,0.78094,2011-01-04,2011,"0104","Post"
"112",2.00503950056912,0,"31.12.2010","Fri",0.25188,0.25438,0.26063,0.2825,0.30281,0.45594,0.78094,2010-12-31,2010,"1231","Post"
"113",-2.00503950056912,0,"30.12.2010","Thu",0.24688,0.25438,0.26063,0.2825,0.30281,0.45656,0.78156,2010-12-30,2010,"1230","Post"
"114",-0.50760499644138,0,"29.12.2010","Wed",0.24563,0.25438,0.26063,0.2825,0.30281,0.45688,0.78313,2010-12-29,2010,"1229","Post"
"115",-0.510194776206085,0,"24.12.2010","Fri",0.24438,0.25438,0.26063,0.2825,0.30281,0.45719,0.78313,2010-12-24,2010,"1224","Pre"
"116",-1.28906506692807,-0.247968166734136,"23.12.2010","Thu",0.24125,0.25375,0.26063,0.2825,0.30281,0.45719,0.78313,2010-12-23,2010,"1223","Pre"
"117",-1.04167608582557,0,"22.12.2010","Wed",0.23875,0.25375,0.26063,0.2825,0.30281,0.45719,0.78313,2010-12-22,2010,"1222","Pre"
"118",1.04167608582557,0,"21.12.2010","Tue",0.24125,0.25375,0.26063,0.2825,0.30281,0.45719,0.78325,2010-12-21,2010,"1221","Pre"
"119",0,0,"20.12.2010","Mon",0.24125,0.25375,0.26063,0.2825,0.30281,0.45719,0.78325,2010-12-20,2010,"1220","Pre"
"120",-1.30169971832437,-0.122242172993614,"17.12.2010","Fri",0.23813,0.25344,0.26063,0.2825,0.30375,0.45719,0.78388,2010-12-17,2010,"1217","Pre"
"121",0,0.303154479940715,"08.01.2010","Fri",0.17313,0.20813,0.23313,0.2425,0.25125,0.42,0.95688,2010-01-08,2010,"0108","Post"
"122",1.07432165325292,0,"07.01.2010","Thu",0.175,0.20813,0.23125,0.24125,0.24938,0.4175,0.94813,2010-01-07,2010,"0107","Post"
"123",0,0,"06.01.2010","Wed",0.175,0.20813,0.23219,0.24219,0.25,0.42563,0.96031,2010-01-06,2010,"0106","Post"
"124",0,0,"05.01.2010","Tue",0.175,0.20813,0.23344,0.24406,0.2525,0.4275,0.96969,2010-01-05,2010,"0105","Post"
"125",-0.716848947861259,0,"04.01.2010","Mon",0.17375,0.20813,0.23344,0.24344,0.25438,0.43438,0.99375,2010-01-04,2010,"0104","Post"
"126",-2.91991546922621,2.66442233467095,"31.12.2009","Thu",0.16875,0.21375,0.23094,0.23969,0.25063,0.42969,0.98438,2009-12-31,2009,"1231","Post"
"127",6.45385211375711,0.875686810570486,"30.12.2009","Wed",0.18,0.21563,0.23094,0.23969,0.25063,0.43,0.98563,2009-12-30,2009,"1230","Post"
"128",0.692044284457372,0.578022926783572,"29.12.2009","Tue",0.18125,0.21688,0.23094,0.23969,0.25063,0.43438,0.9975,2009-12-29,2009,"1229","Post"
"129",-2.44057571855933,-0.870617706274746,"24.12.2009","Thu",0.17688,0.215,0.23125,0.24094,0.25063,0.43125,0.97875,2009-12-24,2009,"1224","Pre"
"130",0,0,"23.12.2009","Wed",0.17688,0.215,0.23125,0.24094,0.25063,0.43063,0.97438,2009-12-23,2009,"1223","Pre"
"131",0.704208425520281,-2.05349884303954,"22.12.2009","Tue",0.17813,0.21063,0.23188,0.24094,0.24875,0.43125,0.97813,2009-12-22,2009,"1222","Pre"
"132",0,0.591703697905865,"21.12.2009","Mon",0.17813,0.21188,0.23188,0.24094,0.24875,0.43063,0.96438,2009-12-21,2009,"1221","Pre"
"133",0.699283988546351,0.29219116881456,"18.12.2009","Fri",0.17938,0.2125,0.23188,0.24069,0.25125,0.43538,0.96838,2009-12-18,2009,"1218","Pre"
"134",0,0.586511945239798,"17.12.2009","Thu",0.17938,0.21375,0.23313,0.24069,0.25338,0.44388,0.99163,2009-12-17,2009,"1217","Pre"
"135",0,7.30251350148898,"08.01.2009","Thu",0.1025,0.26625,0.38625,1.0375,1.35375,1.68625,1.925,2009-01-08,2009,"0108","Post"
"136",4.76280489892544,6.36578517719777,"07.01.2009","Wed",0.1075,0.28375,0.40625,1.0725,1.3975,1.75,1.995,2009-01-07,2009,"0107","Post"
"137",14.0772553881082,4.73206561900719,"06.01.2009","Tue",0.12375,0.2975,0.42063,1.09125,1.41125,1.77,2.04625,2009-01-06,2009,"0106","Post"
"138",-5.1825067864586,-2.55333020051647,"05.01.2009","Mon",0.1175,0.29,0.42875,1.0975,1.42125,1.79375,2.0925,2009-01-05,2009,"0105","Post"
"139",5.1825067864586,7.8715567465474,"02.01.2009","Fri",0.12375,0.31375,0.43,1.09875,1.4125,1.7525,2.02375,2009-01-02,2009,"0102","Post"
"140",8.70113769896297,20.4646843841791,"31.12.2008","Wed",0.135,0.385,0.43625,1.10375,1.425,1.75,2.00375,2008-12-31,2008,"1231","Post"
"141",2.73989741881147,3.97949738084894,"30.12.2008","Tue",0.13875,0.40063,0.4475,1.115,1.435,1.775,2.025,2008-12-30,2008,"1230","Post"
"142",-0.9049835519918,11.3427631706215,"29.12.2008","Mon",0.1375,0.44875,0.46125,1.13375,1.45875,1.81125,2.0775,2008-12-29,2008,"1229","Post"
"143",7.02042586732483,-1.96912128901817,"24.12.2008","Wed",0.1475,0.44,0.47125,1.14875,1.4675,1.83,2.09125,2008-12-24,2008,"1224","Pre"
"144",-22.7389842195661,9.99481680203492,"23.12.2008","Tue",0.1175,0.48625,0.47125,1.15375,1.46625,1.85,2.10625,2008-12-23,2008,"1223","Pre"
"145",-3.24352757531541,-60.6993068946434,"22.12.2008","Mon",0.11375,0.265,0.46125,1.15375,1.46625,1.82625,2.07625,2008-12-22,2008,"1222","Pre"
"146",-3.35226920386433,-1.90481949706944,"19.12.2008","Fri",0.11,0.26,0.47375,1.175,1.4975,1.845,2.0925,2008-12-19,2008,"1219","Pre"
"147",2.24728558520586,0.479617226349283,"18.12.2008","Thu",0.1125,0.26125,0.5075,1.215,1.525,1.86375,2.09875,2008-12-18,2008,"1218","Pre"
"148",16.3629423781802,3.29441557193542,"17.12.2008","Wed",0.1325,0.27,0.58125,1.2725,1.5775,1.89125,2.09875,2008-12-17,2008,"1217","Pre"
"149",0.152897031746413,0.688273436879561,"08.01.2008","Tue",4.29375,4.37375,4.41125,4.46875,4.505,4.32875,3.92875,2008-01-08,2008,"0108","Post"
"150",0.145454571099424,0.456231187707723,"07.01.2008","Mon",4.3,4.39375,4.44125,4.5,4.54313,4.36375,3.9425,2008-01-07,2008,"0107","Post"
"151",0.868312257346093,1.88817783758919,"04.01.2008","Fri",4.3375,4.4775,4.515,4.58,4.62,4.4675,4.0525,2008-01-04,2008,"0104","Post"
"152",1.31693858641626,0.445683188982104,"03.01.2008","Thu",4.395,4.4975,4.54,4.60375,4.64625,4.47375,4.04188,2008-01-03,2008,"0103","Post"
"153",1.27174244727102,0.0277893568552567,"02.01.2008","Wed",4.45125,4.49875,4.57,4.63625,4.68063,4.56625,4.1875,2008-01-02,2008,"0102","Post"
"154",8.01075101878965,-0.250382659670634,"31.12.2007","Mon",4.8225,4.4875,4.6,4.6525,4.7025,4.59625,4.22375,2007-12-31,2007,"1231","Post"
"155",-6.92150690214728,-0.334821741365987,"28.12.2007","Fri",4.5,4.4725,4.63125,4.6825,4.72875,4.64875,4.295,2007-12-28,2007,"1228","Post"
"156",-1.56778127192299,12.3418946898637,"27.12.2007","Thu",4.43,5.06,4.845,4.83813,4.83,4.7175,4.34125,2007-12-27,2007,"1227","Post"
"157",-0.892685929358339,0.542006746933921,"24.12.2007","Mon",4.39063,5.0875,4.855,4.84875,4.8425,4.7175,4.34375,2007-12-24,2007,"1224","Pre"
"158",-2.15835468208749,0.122774723832242,"21.12.2007","Fri",4.29688,5.09375,4.865,4.86125,4.8575,4.7275,4.3175,2007-12-21,2007,"1221","Pre"
"159",0.130707116097151,-14.8400373409136,"20.12.2007","Thu",4.3025,4.39125,4.89625,4.895,4.88375,4.745,4.3475,2007-12-20,2007,"1220","Pre"
"160",0.982950961379792,-0.0569476097394883,"19.12.2007","Wed",4.345,4.38875,4.93188,4.92313,4.91,4.7775,4.4175,2007-12-19,2007,"1219","Pre"
"161",1.25787822068602,-0.0569800585217051,"18.12.2007","Tue",4.4,4.38625,4.94875,4.93813,4.92625,4.825,4.47188,2007-12-18,2007,"1218","Pre"
"162",0.396938428749904,-0.514286847817935,"17.12.2007","Mon",4.4175,4.36375,4.965,4.955,4.94125,4.84875,4.51875,2007-12-17,2007,"1217","Pre"
"163",-0.03546540839372,-0.0942395223572978,"08.01.2007","Mon",5.3,5.30313,5.32,5.34563,5.36,5.37,5.305,2007-01-08,2007,"0108","Post"
"164",0.03546540839372,0.0116905254081479,"05.01.2007","Fri",5.30188,5.30375,5.32,5.345,5.36,5.34938,5.24938,2007-01-05,2007,"0105","Post"
"165",-0.0118832835349858,0.0471253543122829,"04.01.2007","Thu",5.30125,5.30625,5.32,5.345,5.36,5.36,5.28938,2007-01-04,2007,"0104","Post"
"166",0.0471475727734205,0,"03.01.2007","Wed",5.30375,5.30625,5.32,5.345,5.36,5.36688,5.31313,2007-01-03,2007,"0103","Post"
"167",0.727959067676798,0.0706464176327026,"02.01.2007","Tue",5.3425,5.31,5.32063,5.345,5.36,5.37,5.34,2007-01-02,2007,"0102","Post"
"168",0,0.0705965437015399,"29.12.2006","Fri",5.3425,5.31375,5.32188,5.34563,5.36,5.37,5.32938,2006-12-29,2006,"1229","Post"
"169",-0.668961626605191,0.0235211103048361,"28.12.2006","Thu",5.30688,5.315,5.32563,5.34625,5.36,5.36688,5.31438,2006-12-28,2006,"1228","Post"
"170",-0.294957909211724,0.971372229111944,"27.12.2006","Wed",5.29125,5.36688,5.35,5.35,5.36375,5.36063,5.28938,2006-12-27,2006,"1227","Post"
"171",-0.0236266982788447,0.0348372665397889,"22.12.2006","Fri",5.29,5.36875,5.35,5.35,5.3625,5.36,5.26125,2006-12-22,2006,"1222","Pre"
"172",0,0.0117338866398864,"21.12.2006","Thu",5.29,5.36938,5.35,5.35,5.36563,5.37,5.28813,2006-12-21,2006,"1221","Pre"
"173",-0.0117209137153518,-1.21795512573455,"20.12.2006","Wed",5.28938,5.30438,5.35,5.35,5.365,5.37063,5.29,2006-12-20,2006,"1220","Pre"
"174",0.0117209137153518,-0.0250767623631853,"19.12.2006","Tue",5.29,5.30305,5.35,5.35,5.365,5.37,5.28438,2006-12-19,2006,"1219","Pre"
"175",0.0827634731560556,0.0250767623631853,"18.12.2006","Mon",5.29438,5.30438,5.35,5.35,5.365,5.37,5.29,2006-12-18,2006,"1218","Pre"
"176",-0.276620840512076,-0.0579542177913339,"06.01.2006","Fri",4.28875,4.3125,4.42,4.49,4.55,4.68,4.79,2006-01-06,2006,"0106","Post"
"177",0.494258892513377,0.0725533838109138,"05.01.2006","Thu",4.31,4.31563,4.41875,4.49,4.55,4.68,4.78688,2006-01-05,2006,"0105","Post"
"178",0.0725954528683292,0.0143653526477827,"04.01.2006","Wed",4.31313,4.31625,4.4,4.48,4.54063,4.68,4.79625,2006-01-04,2006,"0104","Post"
"179",0.274828173950303,0.115774253163226,"03.01.2006","Tue",4.325,4.32125,4.3975,4.48313,4.54438,4.71,4.85,2006-01-03,2006,"0103","Post"
"180",0.375018469230404,-0.115774253163226,"30.12.2005","Fri",4.34125,4.31625,4.39,4.47938,4.53625,4.7,4.83875,2005-12-30,2005,"1230","Post"
"181",-0.34612091087296,0.231414624535198,"29.12.2005","Thu",4.32625,4.32625,4.385,4.4725,4.53,4.69,4.82125,2005-12-29,2005,"1229","Post"
"182",-0.318333360993894,2.94673490987327,"28.12.2005","Wed",4.3125,4.45563,4.38875,4.47,4.52688,4.69,4.82,2005-12-28,2005,"1228","Post"
"183",-0.333773796824155,-0.0702728884470094,"23.12.2005","Fri",4.29813,4.4525,4.38,4.47,4.52063,4.7,4.85063,2005-12-23,2005,"1223","Pre"
"184",-0.0728488953017914,-0.0842578339414146,"22.12.2005","Thu",4.295,4.44875,4.37875,4.46813,4.51938,4.71,4.88,2005-12-22,2005,"1222","Pre"
"185",-0.174774294416036,-3.28460199625715,"21.12.2005","Wed",4.2875,4.305,4.37,4.45375,4.50375,4.68375,4.85,2005-12-21,2005,"1221","Pre"
"186",-0.0583260442315048,-0.058088877613649,"20.12.2005","Tue",4.285,4.3025,4.37,4.45,4.50125,4.67125,4.82625,2005-12-20,2005,"1220","Pre"
"187",-0.0583600833605313,0,"19.12.2005","Mon",4.2825,4.3025,4.37,4.45,4.5,4.66313,4.81,2005-12-19,2005,"1219","Pre"
"188",-0.162999221093107,0,"07.01.2005","Fri",2.29875,2.32875,2.43,2.52,2.61,2.835,3.16,2005-01-07,2005,"0107","Post"
"189",0.812352152147933,0.0536624643948103,"06.01.2005","Thu",2.3175,2.33,2.42,2.52,2.61,2.84,3.19,2005-01-06,2005,"0106","Post"
"190",0.107816722034537,-0.0536624643948103,"05.01.2005","Wed",2.32,2.32875,2.4,2.50625,2.59,2.8275,3.18063,2005-01-05,2005,"0105","Post"
"191",-0.053893830461027,0.0270494813945255,"04.01.2005","Tue",2.31875,2.32938,2.4,2.49,2.57,2.79,3.11,2005-01-04,2005,"0104","Post"
"192",1.17900615449732,0.294494204002926,"31.12.2004","Fri",2.34625,2.33625,2.4,2.49,2.56438,2.78063,3.1,2004-12-31,2004,"1231","Post"
"193",-1.23292904607083,0.0534902393069303,"30.12.2004","Thu",2.3175,2.3375,2.39,2.48,2.56,2.79,3.12,2004-12-30,2004,"1230","Post"
"194",1.33942532876649,7.36877157911592,"29.12.2004","Wed",2.34875,2.51625,2.42,2.47375,2.56,2.775,3.1,2004-12-29,2004,"1229","Post"
"195",-1.55540813410948,-1.75399134571339,"24.12.2004","Fri",2.3125,2.4725,2.42,2.47,2.55,2.76625,3.08,2004-12-24,2004,"1224","Pre"
"196",-0.650761515673814,-0.101163387484438,"23.12.2004","Thu",2.2975,2.47,2.4175,2.46875,2.54875,2.77,3.08,2004-12-23,2004,"1223","Pre"
"197",-0.217865009922225,-6.15739589340294,"22.12.2004","Wed",2.2925,2.3225,2.41688,2.4625,2.53,2.76,3.09,2004-12-22,2004,"1222","Pre"
"198",0.217865009922225,0.0271222634545598,"21.12.2004","Tue",2.2975,2.32313,2.415,2.46125,2.53,2.76,3.08,2004-12-21,2004,"1221","Pre"
"199",-0.0544217700506611,0.107555573572482,"20.12.2004","Mon",2.29625,2.32563,2.41313,2.46,2.52125,2.75,3.06,2004-12-20,2004,"1220","Pre"
"200",0,0.0266558898196489,"17.12.2004","Fri",2.29625,2.32625,2.4125,2.46,2.52,2.73875,3.0375,2004-12-17,2004,"1217","Pre"
